"","periodo","prov","RatioDocente","Ratio_Desertores","Ratio_BACH"
"1","2014T1",1,13.024444746138,0.019472707380462,454
"2","2014T1",2,13.1890949216457,0.0303941483789133,313
"3","2014T1",3,14.0629768292765,0.0268247154706357,440
"4","2014T1",4,13.0698186626797,0.0391834694162028,430
"5","2014T1",5,14.1204369806618,0.0322498387826191,417
"6","2014T1",6,15.2310733343565,0.0500991220331138,354
"7","2014T1",7,12.9532527029888,0.0261149995330124,473
"8","2014T1",8,19.3582487087036,0.0336958182401417,364
"9","2014T1",9,17.3742551666324,0.025683768075251,607
"10","2014T1",10,16.2672128513803,0.026018921282169,502
"11","2014T1",11,9.55350776617401,0.0181221677755155,342
"12","2014T1",12,21.777779328187,0.0255516635312365,594
"13","2014T1",13,13.8322230477406,0.0196890858564749,319
"14","2014T1",14,16.3735342752224,0.0509906407946669,216
"15","2014T1",15,12.1928215886182,0.0443954104099278,286
"16","2014T1",16,14.2980068221098,0.0497837020875595,258
"17","2014T1",17,11.5473486968953,0.029525628154723,499
"18","2014T1",18,15.2659064659691,0.0253801072247396,534
"19","2014T1",19,11.2664781014415,0.022757314177888,400
"20","2014T1",21,12.8437727070119,0.0436770773560432,232
"21","2014T1",22,14.7703824726853,0.0345402774361426,206
"22","2014T1",23,15.7451137683328,0.0275989983282985,396
"23","2014T1",24,19.3675225642101,0.0201062780774831,585
"24","2014T1",90,19.8161473931661,0.0292321302714649,320
"25","2014T4",1,13.024444746138,0.019472707380462,454
"26","2014T4",2,13.1890949216457,0.0303941483789133,313
"27","2014T4",3,14.0629768292765,0.0268247154706357,440
"28","2014T4",4,13.0698186626797,0.0391834694162028,430
"29","2014T4",5,14.1204369806618,0.0322498387826191,417
"30","2014T4",6,15.2310733343565,0.0500991220331138,354
"31","2014T4",7,12.9532527029888,0.0261149995330124,473
"32","2014T4",8,19.3582487087036,0.0336958182401417,364
"33","2014T4",9,17.3742551666324,0.025683768075251,607
"34","2014T4",10,16.2672128513803,0.026018921282169,502
"35","2014T4",11,9.55350776617401,0.0181221677755155,342
"36","2014T4",12,21.777779328187,0.0255516635312365,594
"37","2014T4",13,13.8322230477406,0.0196890858564749,319
"38","2014T4",14,16.3735342752224,0.0509906407946669,216
"39","2014T4",15,12.1928215886182,0.0443954104099278,286
"40","2014T4",16,14.2980068221098,0.0497837020875595,258
"41","2014T4",17,11.5473486968953,0.029525628154723,499
"42","2014T4",18,15.2659064659691,0.0253801072247396,534
"43","2014T4",19,11.2664781014415,0.022757314177888,400
"44","2014T4",21,12.8437727070119,0.0436770773560432,232
"45","2014T4",22,14.7703824726853,0.0345402774361426,206
"46","2014T4",23,15.7451137683328,0.0275989983282985,396
"47","2014T4",24,19.3675225642101,0.0201062780774831,585
"48","2014T4",90,19.8161473931661,0.0292321302714649,320
"49","2014T3",1,13.024444746138,0.019472707380462,454
"50","2014T3",2,13.1890949216457,0.0303941483789133,313
"51","2014T3",3,14.0629768292765,0.0268247154706357,440
"52","2014T3",4,13.0698186626797,0.0391834694162028,430
"53","2014T3",5,14.1204369806618,0.0322498387826191,417
"54","2014T3",6,15.2310733343565,0.0500991220331138,354
"55","2014T3",7,12.9532527029888,0.0261149995330124,473
"56","2014T3",8,19.3582487087036,0.0336958182401417,364
"57","2014T3",9,17.3742551666324,0.025683768075251,607
"58","2014T3",10,16.2672128513803,0.026018921282169,502
"59","2014T3",11,9.55350776617401,0.0181221677755155,342
"60","2014T3",12,21.777779328187,0.0255516635312365,594
"61","2014T3",13,13.8322230477406,0.0196890858564749,319
"62","2014T3",14,16.3735342752224,0.0509906407946669,216
"63","2014T3",15,12.1928215886182,0.0443954104099278,286
"64","2014T3",16,14.2980068221098,0.0497837020875595,258
"65","2014T3",17,11.5473486968953,0.029525628154723,499
"66","2014T3",18,15.2659064659691,0.0253801072247396,534
"67","2014T3",19,11.2664781014415,0.022757314177888,400
"68","2014T3",21,12.8437727070119,0.0436770773560432,232
"69","2014T3",22,14.7703824726853,0.0345402774361426,206
"70","2014T3",23,15.7451137683328,0.0275989983282985,396
"71","2014T3",24,19.3675225642101,0.0201062780774831,585
"72","2014T3",90,19.8161473931661,0.0292321302714649,320
"73","2014T2",1,13.024444746138,0.019472707380462,454
"74","2014T2",2,13.1890949216457,0.0303941483789133,313
"75","2014T2",3,14.0629768292765,0.0268247154706357,440
"76","2014T2",4,13.0698186626797,0.0391834694162028,430
"77","2014T2",5,14.1204369806618,0.0322498387826191,417
"78","2014T2",6,15.2310733343565,0.0500991220331138,354
"79","2014T2",7,12.9532527029888,0.0261149995330124,473
"80","2014T2",8,19.3582487087036,0.0336958182401417,364
"81","2014T2",9,17.3742551666324,0.025683768075251,607
"82","2014T2",10,16.2672128513803,0.026018921282169,502
"83","2014T2",11,9.55350776617401,0.0181221677755155,342
"84","2014T2",12,21.777779328187,0.0255516635312365,594
"85","2014T2",13,13.8322230477406,0.0196890858564749,319
"86","2014T2",14,16.3735342752224,0.0509906407946669,216
"87","2014T2",15,12.1928215886182,0.0443954104099278,286
"88","2014T2",16,14.2980068221098,0.0497837020875595,258
"89","2014T2",17,11.5473486968953,0.029525628154723,499
"90","2014T2",18,15.2659064659691,0.0253801072247396,534
"91","2014T2",19,11.2664781014415,0.022757314177888,400
"92","2014T2",21,12.8437727070119,0.0436770773560432,232
"93","2014T2",22,14.7703824726853,0.0345402774361426,206
"94","2014T2",23,15.7451137683328,0.0275989983282985,396
"95","2014T2",24,19.3675225642101,0.0201062780774831,585
"96","2014T2",90,19.8161473931661,0.0292321302714649,320
"97","2015T4",1,13.4768900128683,0.0187944544016428,455
"98","2015T4",2,13.4670284525139,0.018361452942201,317
"99","2015T4",3,14.6678878269753,0.0251468008360005,469
"100","2015T4",4,13.2053426129109,0.0331233854954376,420
"101","2015T4",5,14.6478808372557,0.0226995295962149,397
"102","2015T4",6,14.8314821008084,0.0221780553318875,331
"103","2015T4",7,14.1922329008757,0.0287126354153882,536
"104","2015T4",8,18.8562165607446,0.0408925985311984,408
"105","2015T4",9,17.7459604849218,0.0238915486662872,653
"106","2015T4",10,15.4987255839879,0.0227504153654047,507
"107","2015T4",11,9.55308996907936,0.0164169211112422,357
"108","2015T4",12,22.7663166719843,0.023490269182673,639
"109","2015T4",13,14.2235396989793,0.0145639242112721,367
"110","2015T4",14,16.8209742671171,0.0358522112603988,246
"111","2015T4",15,13.5112415688618,0.052943264917558,307
"112","2015T4",16,14.0369472315624,0.0327789174279768,240
"113","2015T4",17,11.6312235999474,0.0255788566343295,503
"114","2015T4",18,15.4568203583351,0.0274979975050583,496
"115","2015T4",19,11.0649208846115,0.0113976737970712,329
"116","2015T4",21,13.3897153719599,0.0306866276256743,254
"117","2015T4",22,15.5408965901731,0.022094061505934,324
"118","2015T4",23,17.1356213097124,0.0286601102904267,469
"119","2015T4",24,19.6885497473312,0.0189282817036026,565
"120","2015T4",90,19.9419811075612,0.0308081558352126,342
"121","2015T3",1,13.4768900128683,0.0187944544016428,455
"122","2015T3",2,13.4670284525139,0.018361452942201,317
"123","2015T3",3,14.6678878269753,0.0251468008360005,469
"124","2015T3",4,13.2053426129109,0.0331233854954376,420
"125","2015T3",5,14.6478808372557,0.0226995295962149,397
"126","2015T3",6,14.8314821008084,0.0221780553318875,331
"127","2015T3",7,14.1922329008757,0.0287126354153882,536
"128","2015T3",8,18.8562165607446,0.0408925985311984,408
"129","2015T3",9,17.7459604849218,0.0238915486662872,653
"130","2015T3",10,15.4987255839879,0.0227504153654047,507
"131","2015T3",11,9.55308996907936,0.0164169211112422,357
"132","2015T3",12,22.7663166719843,0.023490269182673,639
"133","2015T3",13,14.2235396989793,0.0145639242112721,367
"134","2015T3",14,16.8209742671171,0.0358522112603988,246
"135","2015T3",15,13.5112415688618,0.052943264917558,307
"136","2015T3",16,14.0369472315624,0.0327789174279768,240
"137","2015T3",17,11.6312235999474,0.0255788566343295,503
"138","2015T3",18,15.4568203583351,0.0274979975050583,496
"139","2015T3",19,11.0649208846115,0.0113976737970712,329
"140","2015T3",21,13.3897153719599,0.0306866276256743,254
"141","2015T3",22,15.5408965901731,0.022094061505934,324
"142","2015T3",23,17.1356213097124,0.0286601102904267,469
"143","2015T3",24,19.6885497473312,0.0189282817036026,565
"144","2015T3",90,19.9419811075612,0.0308081558352126,342
"145","2015T2",1,13.4768900128683,0.0187944544016428,455
"146","2015T2",2,13.4670284525139,0.018361452942201,317
"147","2015T2",3,14.6678878269753,0.0251468008360005,469
"148","2015T2",4,13.2053426129109,0.0331233854954376,420
"149","2015T2",5,14.6478808372557,0.0226995295962149,397
"150","2015T2",6,14.8314821008084,0.0221780553318875,331
"151","2015T2",7,14.1922329008757,0.0287126354153882,536
"152","2015T2",8,18.8562165607446,0.0408925985311984,408
"153","2015T2",9,17.7459604849218,0.0238915486662872,653
"154","2015T2",10,15.4987255839879,0.0227504153654047,507
"155","2015T2",11,9.55308996907936,0.0164169211112422,357
"156","2015T2",12,22.7663166719843,0.023490269182673,639
"157","2015T2",13,14.2235396989793,0.0145639242112721,367
"158","2015T2",14,16.8209742671171,0.0358522112603988,246
"159","2015T2",15,13.5112415688618,0.052943264917558,307
"160","2015T2",16,14.0369472315624,0.0327789174279768,240
"161","2015T2",17,11.6312235999474,0.0255788566343295,503
"162","2015T2",18,15.4568203583351,0.0274979975050583,496
"163","2015T2",19,11.0649208846115,0.0113976737970712,329
"164","2015T2",21,13.3897153719599,0.0306866276256743,254
"165","2015T2",22,15.5408965901731,0.022094061505934,324
"166","2015T2",23,17.1356213097124,0.0286601102904267,469
"167","2015T2",24,19.6885497473312,0.0189282817036026,565
"168","2015T2",90,19.9419811075612,0.0308081558352126,342
"169","2015T1",1,13.4768900128683,0.0187944544016428,455
"170","2015T1",2,13.4670284525139,0.018361452942201,317
"171","2015T1",3,14.6678878269753,0.0251468008360005,469
"172","2015T1",4,13.2053426129109,0.0331233854954376,420
"173","2015T1",5,14.6478808372557,0.0226995295962149,397
"174","2015T1",6,14.8314821008084,0.0221780553318875,331
"175","2015T1",7,14.1922329008757,0.0287126354153882,536
"176","2015T1",8,18.8562165607446,0.0408925985311984,408
"177","2015T1",9,17.7459604849218,0.0238915486662872,653
"178","2015T1",10,15.4987255839879,0.0227504153654047,507
"179","2015T1",11,9.55308996907936,0.0164169211112422,357
"180","2015T1",12,22.7663166719843,0.023490269182673,639
"181","2015T1",13,14.2235396989793,0.0145639242112721,367
"182","2015T1",14,16.8209742671171,0.0358522112603988,246
"183","2015T1",15,13.5112415688618,0.052943264917558,307
"184","2015T1",16,14.0369472315624,0.0327789174279768,240
"185","2015T1",17,11.6312235999474,0.0255788566343295,503
"186","2015T1",18,15.4568203583351,0.0274979975050583,496
"187","2015T1",19,11.0649208846115,0.0113976737970712,329
"188","2015T1",21,13.3897153719599,0.0306866276256743,254
"189","2015T1",22,15.5408965901731,0.022094061505934,324
"190","2015T1",23,17.1356213097124,0.0286601102904267,469
"191","2015T1",24,19.6885497473312,0.0189282817036026,565
"192","2015T1",90,19.9419811075612,0.0308081558352126,342
"193","2016T4",1,13.5960859927756,0.0185300109208142,426
"194","2016T4",2,12.2769938172653,0.0184639521359184,331
"195","2016T4",3,14.1066333373611,0.0251873974222365,453
"196","2016T4",4,12.5296315073822,0.0256072556001656,416
"197","2016T4",5,14.4408772849476,0.0237757006128748,391
"198","2016T4",6,13.2429141383103,0.030323738983217,319
"199","2016T4",7,13.6891112050446,0.0202228010496575,541
"200","2016T4",8,18.7483815833912,0.0378018112219168,418
"201","2016T4",9,18.9068799101439,0.0240846445783672,685
"202","2016T4",10,14.5338007902464,0.0233986360382084,483
"203","2016T4",11,9.97434803200465,0.0137814888339682,344
"204","2016T4",12,22.3121853858883,0.0239874786721652,670
"205","2016T4",13,15.2584892022604,0.0154362639276265,415
"206","2016T4",14,16.6637730335429,0.045627231364881,251
"207","2016T4",15,13.6461369124977,0.0418633033273516,318
"208","2016T4",16,13.9689101059741,0.0411596531724686,263
"209","2016T4",17,12.2338029806426,0.028632909193308,502
"210","2016T4",18,15.4385353838153,0.0312730519971287,474
"211","2016T4",19,11.5393367555317,0.0147547837960896,301
"212","2016T4",21,13.3635218104695,0.0379165227570363,268
"213","2016T4",22,15.8212186214114,0.0286643457596725,328
"214","2016T4",23,17.8120993571356,0.0318656616784787,506
"215","2016T4",24,17.9925777437659,0.0176459912294503,624
"216","2016T4",90,21.8268369781197,0.0200835596245989,412
"217","2016T3",1,13.5960859927756,0.0185300109208142,426
"218","2016T3",2,12.2769938172653,0.0184639521359184,331
"219","2016T3",3,14.1066333373611,0.0251873974222365,453
"220","2016T3",4,12.5296315073822,0.0256072556001656,416
"221","2016T3",5,14.4408772849476,0.0237757006128748,391
"222","2016T3",6,13.2429141383103,0.030323738983217,319
"223","2016T3",7,13.6891112050446,0.0202228010496575,541
"224","2016T3",8,18.7483815833912,0.0378018112219168,418
"225","2016T3",9,18.9068799101439,0.0240846445783672,685
"226","2016T3",10,14.5338007902464,0.0233986360382084,483
"227","2016T3",11,9.97434803200465,0.0137814888339682,344
"228","2016T3",12,22.3121853858883,0.0239874786721652,670
"229","2016T3",13,15.2584892022604,0.0154362639276265,415
"230","2016T3",14,16.6637730335429,0.045627231364881,251
"231","2016T3",15,13.6461369124977,0.0418633033273516,318
"232","2016T3",16,13.9689101059741,0.0411596531724686,263
"233","2016T3",17,12.2338029806426,0.028632909193308,502
"234","2016T3",18,15.4385353838153,0.0312730519971287,474
"235","2016T3",19,11.5393367555317,0.0147547837960896,301
"236","2016T3",21,13.3635218104695,0.0379165227570363,268
"237","2016T3",22,15.8212186214114,0.0286643457596725,328
"238","2016T3",23,17.8120993571356,0.0318656616784787,506
"239","2016T3",24,17.9925777437659,0.0176459912294503,624
"240","2016T3",90,21.8268369781197,0.0200835596245989,412
"241","2016T2",1,13.5960859927756,0.0185300109208142,426
"242","2016T2",2,12.2769938172653,0.0184639521359184,331
"243","2016T2",3,14.1066333373611,0.0251873974222365,453
"244","2016T2",4,12.5296315073822,0.0256072556001656,416
"245","2016T2",5,14.4408772849476,0.0237757006128748,391
"246","2016T2",6,13.2429141383103,0.030323738983217,319
"247","2016T2",7,13.6891112050446,0.0202228010496575,541
"248","2016T2",8,18.7483815833912,0.0378018112219168,418
"249","2016T2",9,18.9068799101439,0.0240846445783672,685
"250","2016T2",10,14.5338007902464,0.0233986360382084,483
"251","2016T2",11,9.97434803200465,0.0137814888339682,344
"252","2016T2",12,22.3121853858883,0.0239874786721652,670
"253","2016T2",13,15.2584892022604,0.0154362639276265,415
"254","2016T2",14,16.6637730335429,0.045627231364881,251
"255","2016T2",15,13.6461369124977,0.0418633033273516,318
"256","2016T2",16,13.9689101059741,0.0411596531724686,263
"257","2016T2",17,12.2338029806426,0.028632909193308,502
"258","2016T2",18,15.4385353838153,0.0312730519971287,474
"259","2016T2",19,11.5393367555317,0.0147547837960896,301
"260","2016T2",21,13.3635218104695,0.0379165227570363,268
"261","2016T2",22,15.8212186214114,0.0286643457596725,328
"262","2016T2",23,17.8120993571356,0.0318656616784787,506
"263","2016T2",24,17.9925777437659,0.0176459912294503,624
"264","2016T2",90,21.8268369781197,0.0200835596245989,412
"265","2016T1",1,13.5960859927756,0.0185300109208142,426
"266","2016T1",2,12.2769938172653,0.0184639521359184,331
"267","2016T1",3,14.1066333373611,0.0251873974222365,453
"268","2016T1",4,12.5296315073822,0.0256072556001656,416
"269","2016T1",5,14.4408772849476,0.0237757006128748,391
"270","2016T1",6,13.2429141383103,0.030323738983217,319
"271","2016T1",7,13.6891112050446,0.0202228010496575,541
"272","2016T1",8,18.7483815833912,0.0378018112219168,418
"273","2016T1",9,18.9068799101439,0.0240846445783672,685
"274","2016T1",10,14.5338007902464,0.0233986360382084,483
"275","2016T1",11,9.97434803200465,0.0137814888339682,344
"276","2016T1",12,22.3121853858883,0.0239874786721652,670
"277","2016T1",13,15.2584892022604,0.0154362639276265,415
"278","2016T1",14,16.6637730335429,0.045627231364881,251
"279","2016T1",15,13.6461369124977,0.0418633033273516,318
"280","2016T1",16,13.9689101059741,0.0411596531724686,263
"281","2016T1",17,12.2338029806426,0.028632909193308,502
"282","2016T1",18,15.4385353838153,0.0312730519971287,474
"283","2016T1",19,11.5393367555317,0.0147547837960896,301
"284","2016T1",21,13.3635218104695,0.0379165227570363,268
"285","2016T1",22,15.8212186214114,0.0286643457596725,328
"286","2016T1",23,17.8120993571356,0.0318656616784787,506
"287","2016T1",24,17.9925777437659,0.0176459912294503,624
"288","2016T1",90,21.8268369781197,0.0200835596245989,412
"289","2017T4",1,12.6868200309154,0.0163905655906372,423
"290","2017T4",2,11.1849108196555,0.0133978613735818,315
"291","2017T4",3,13.7329456751068,0.0210189366618229,409
"292","2017T4",4,12.1637281589424,0.0246290416755128,394
"293","2017T4",5,14.0229587787246,0.0184285493128008,393
"294","2017T4",6,12.5903769364601,0.0250695136749532,306
"295","2017T4",7,12.9848623273773,0.0204814048401839,509
"296","2017T4",8,18.4269843803554,0.0356658350675222,374
"297","2017T4",9,18.6633249861588,0.0210819690895014,668
"298","2017T4",10,14.471962215524,0.0222091045468808,455
"299","2017T4",11,9.33591285241319,0.0122568166767842,338
"300","2017T4",12,21.3542594768439,0.018683740760748,677
"301","2017T4",13,15.1250886865049,0.0165419688182985,400
"302","2017T4",14,16.2380849973193,0.0328266482082101,263
"303","2017T4",15,12.987902671441,0.0255538048092377,304
"304","2017T4",16,13.6068707307875,0.0334060801831033,245
"305","2017T4",17,11.6086522187307,0.0232000569982102,483
"306","2017T4",18,13.9648742517242,0.0195920371579795,448
"307","2017T4",19,10.5415604922387,0.0155420220707504,268
"308","2017T4",21,12.7287782817399,0.0223590859731334,296
"309","2017T4",22,15.0125780612777,0.0283284229794711,321
"310","2017T4",23,16.2380375051723,0.0331495322454064,529
"311","2017T4",24,16.6907953933452,0.0160838520315307,632
"312","2017T4",90,22.3052480971857,0.0246067481834193,475
"313","2017T3",1,12.6868200309154,0.0163905655906372,423
"314","2017T3",2,11.1849108196555,0.0133978613735818,315
"315","2017T3",3,13.7329456751068,0.0210189366618229,409
"316","2017T3",4,12.1637281589424,0.0246290416755128,394
"317","2017T3",5,14.0229587787246,0.0184285493128008,393
"318","2017T3",6,12.5903769364601,0.0250695136749532,306
"319","2017T3",7,12.9848623273773,0.0204814048401839,509
"320","2017T3",8,18.4269843803554,0.0356658350675222,374
"321","2017T3",9,18.6633249861588,0.0210819690895014,668
"322","2017T3",10,14.471962215524,0.0222091045468808,455
"323","2017T3",11,9.33591285241319,0.0122568166767842,338
"324","2017T3",12,21.3542594768439,0.018683740760748,677
"325","2017T3",13,15.1250886865049,0.0165419688182985,400
"326","2017T3",14,16.2380849973193,0.0328266482082101,263
"327","2017T3",15,12.987902671441,0.0255538048092377,304
"328","2017T3",16,13.6068707307875,0.0334060801831033,245
"329","2017T3",17,11.6086522187307,0.0232000569982102,483
"330","2017T3",18,13.9648742517242,0.0195920371579795,448
"331","2017T3",19,10.5415604922387,0.0155420220707504,268
"332","2017T3",21,12.7287782817399,0.0223590859731334,296
"333","2017T3",22,15.0125780612777,0.0283284229794711,321
"334","2017T3",23,16.2380375051723,0.0331495322454064,529
"335","2017T3",24,16.6907953933452,0.0160838520315307,632
"336","2017T3",90,22.3052480971857,0.0246067481834193,475
"337","2017T2",1,12.6868200309154,0.0163905655906372,423
"338","2017T2",2,11.1849108196555,0.0133978613735818,315
"339","2017T2",3,13.7329456751068,0.0210189366618229,409
"340","2017T2",4,12.1637281589424,0.0246290416755128,394
"341","2017T2",5,14.0229587787246,0.0184285493128008,393
"342","2017T2",6,12.5903769364601,0.0250695136749532,306
"343","2017T2",7,12.9848623273773,0.0204814048401839,509
"344","2017T2",8,18.4269843803554,0.0356658350675222,374
"345","2017T2",9,18.6633249861588,0.0210819690895014,668
"346","2017T2",10,14.471962215524,0.0222091045468808,455
"347","2017T2",11,9.33591285241319,0.0122568166767842,338
"348","2017T2",12,21.3542594768439,0.018683740760748,677
"349","2017T2",13,15.1250886865049,0.0165419688182985,400
"350","2017T2",14,16.2380849973193,0.0328266482082101,263
"351","2017T2",15,12.987902671441,0.0255538048092377,304
"352","2017T2",16,13.6068707307875,0.0334060801831033,245
"353","2017T2",17,11.6086522187307,0.0232000569982102,483
"354","2017T2",18,13.9648742517242,0.0195920371579795,448
"355","2017T2",19,10.5415604922387,0.0155420220707504,268
"356","2017T2",21,12.7287782817399,0.0223590859731334,296
"357","2017T2",22,15.0125780612777,0.0283284229794711,321
"358","2017T2",23,16.2380375051723,0.0331495322454064,529
"359","2017T2",24,16.6907953933452,0.0160838520315307,632
"360","2017T2",90,22.3052480971857,0.0246067481834193,475
"361","2017T1",1,12.6868200309154,0.0163905655906372,423
"362","2017T1",2,11.1849108196555,0.0133978613735818,315
"363","2017T1",3,13.7329456751068,0.0210189366618229,409
"364","2017T1",4,12.1637281589424,0.0246290416755128,394
"365","2017T1",5,14.0229587787246,0.0184285493128008,393
"366","2017T1",6,12.5903769364601,0.0250695136749532,306
"367","2017T1",7,12.9848623273773,0.0204814048401839,509
"368","2017T1",8,18.4269843803554,0.0356658350675222,374
"369","2017T1",9,18.6633249861588,0.0210819690895014,668
"370","2017T1",10,14.471962215524,0.0222091045468808,455
"371","2017T1",11,9.33591285241319,0.0122568166767842,338
"372","2017T1",12,21.3542594768439,0.018683740760748,677
"373","2017T1",13,15.1250886865049,0.0165419688182985,400
"374","2017T1",14,16.2380849973193,0.0328266482082101,263
"375","2017T1",15,12.987902671441,0.0255538048092377,304
"376","2017T1",16,13.6068707307875,0.0334060801831033,245
"377","2017T1",17,11.6086522187307,0.0232000569982102,483
"378","2017T1",18,13.9648742517242,0.0195920371579795,448
"379","2017T1",19,10.5415604922387,0.0155420220707504,268
"380","2017T1",21,12.7287782817399,0.0223590859731334,296
"381","2017T1",22,15.0125780612777,0.0283284229794711,321
"382","2017T1",23,16.2380375051723,0.0331495322454064,529
"383","2017T1",24,16.6907953933452,0.0160838520315307,632
"384","2017T1",90,22.3052480971857,0.0246067481834193,475
"385","2018T2",1,12.0371746812951,0.012725635999625,415
"386","2018T2",2,11.2460380380546,0.0143423995670423,299
"387","2018T2",3,12.4579588684991,0.0226861485669005,396
"388","2018T2",4,11.3671490460021,0.0177929449185211,373
"389","2018T2",5,13.1111408732093,0.0182834407957167,392
"390","2018T2",6,11.3758747354217,0.0203932072641052,294
"391","2018T2",7,13.0525992458455,0.0169096998797855,481
"392","2018T2",8,17.5127696585261,0.0303666374168647,368
"393","2018T2",9,18.110093196106,0.018796588905729,654
"394","2018T2",10,13.6911639544468,0.0207564564953533,442
"395","2018T2",11,8.74449684839134,0.0088908901469202,322
"396","2018T2",12,20.1958947840138,0.0221527327579754,635
"397","2018T2",13,14.2608074409786,0.0140806136280435,387
"398","2018T2",14,15.7366007832911,0.0270698665435694,247
"399","2018T2",15,12.1877005389508,0.0197568648964218,293
"400","2018T2",16,12.6059800929303,0.0285844859765499,223
"401","2018T2",17,11.3361320883503,0.021105792593567,488
"402","2018T2",18,13.0756818999404,0.0221918301578523,431
"403","2018T2",19,9.91023078496939,0.0142944970157104,247
"404","2018T2",21,11.1292459014777,0.0231397942544164,295
"405","2018T2",22,14.4037231169193,0.0152942147101367,323
"406","2018T2",23,15.9175362179783,0.0189665046407399,496
"407","2018T2",24,16.2752417171133,0.0129999135315975,614
"408","2018T2",90,20.8837241332322,0.0155353595304127,381
"409","2018T1",1,12.0371746812951,0.012725635999625,415
"410","2018T1",2,11.2460380380546,0.0143423995670423,299
"411","2018T1",3,12.4579588684991,0.0226861485669005,396
"412","2018T1",4,11.3671490460021,0.0177929449185211,373
"413","2018T1",5,13.1111408732093,0.0182834407957167,392
"414","2018T1",6,11.3758747354217,0.0203932072641052,294
"415","2018T1",7,13.0525992458455,0.0169096998797855,481
"416","2018T1",8,17.5127696585261,0.0303666374168647,368
"417","2018T1",9,18.110093196106,0.018796588905729,654
"418","2018T1",10,13.6911639544468,0.0207564564953533,442
"419","2018T1",11,8.74449684839134,0.0088908901469202,322
"420","2018T1",12,20.1958947840138,0.0221527327579754,635
"421","2018T1",13,14.2608074409786,0.0140806136280435,387
"422","2018T1",14,15.7366007832911,0.0270698665435694,247
"423","2018T1",15,12.1877005389508,0.0197568648964218,293
"424","2018T1",16,12.6059800929303,0.0285844859765499,223
"425","2018T1",17,11.3361320883503,0.021105792593567,488
"426","2018T1",18,13.0756818999404,0.0221918301578523,431
"427","2018T1",19,9.91023078496939,0.0142944970157104,247
"428","2018T1",21,11.1292459014777,0.0231397942544164,295
"429","2018T1",22,14.4037231169193,0.0152942147101367,323
"430","2018T1",23,15.9175362179783,0.0189665046407399,496
"431","2018T1",24,16.2752417171133,0.0129999135315975,614
"432","2018T1",90,20.8837241332322,0.0155353595304127,381
"433","2018T4",1,12.0371746812951,0.012725635999625,415
"434","2018T4",2,11.2460380380546,0.0143423995670423,299
"435","2018T4",3,12.4579588684991,0.0226861485669005,396
"436","2018T4",4,11.3671490460021,0.0177929449185211,373
"437","2018T4",5,13.1111408732093,0.0182834407957167,392
"438","2018T4",6,11.3758747354217,0.0203932072641052,294
"439","2018T4",7,13.0525992458455,0.0169096998797855,481
"440","2018T4",8,17.5127696585261,0.0303666374168647,368
"441","2018T4",9,18.110093196106,0.018796588905729,654
"442","2018T4",10,13.6911639544468,0.0207564564953533,442
"443","2018T4",11,8.74449684839134,0.0088908901469202,322
"444","2018T4",12,20.1958947840138,0.0221527327579754,635
"445","2018T4",13,14.2608074409786,0.0140806136280435,387
"446","2018T4",14,15.7366007832911,0.0270698665435694,247
"447","2018T4",15,12.1877005389508,0.0197568648964218,293
"448","2018T4",16,12.6059800929303,0.0285844859765499,223
"449","2018T4",17,11.3361320883503,0.021105792593567,488
"450","2018T4",18,13.0756818999404,0.0221918301578523,431
"451","2018T4",19,9.91023078496939,0.0142944970157104,247
"452","2018T4",21,11.1292459014777,0.0231397942544164,295
"453","2018T4",22,14.4037231169193,0.0152942147101367,323
"454","2018T4",23,15.9175362179783,0.0189665046407399,496
"455","2018T4",24,16.2752417171133,0.0129999135315975,614
"456","2018T4",90,20.8837241332322,0.0155353595304127,381
"457","2018T3",1,12.0371746812951,0.012725635999625,415
"458","2018T3",2,11.2460380380546,0.0143423995670423,299
"459","2018T3",3,12.4579588684991,0.0226861485669005,396
"460","2018T3",4,11.3671490460021,0.0177929449185211,373
"461","2018T3",5,13.1111408732093,0.0182834407957167,392
"462","2018T3",6,11.3758747354217,0.0203932072641052,294
"463","2018T3",7,13.0525992458455,0.0169096998797855,481
"464","2018T3",8,17.5127696585261,0.0303666374168647,368
"465","2018T3",9,18.110093196106,0.018796588905729,654
"466","2018T3",10,13.6911639544468,0.0207564564953533,442
"467","2018T3",11,8.74449684839134,0.0088908901469202,322
"468","2018T3",12,20.1958947840138,0.0221527327579754,635
"469","2018T3",13,14.2608074409786,0.0140806136280435,387
"470","2018T3",14,15.7366007832911,0.0270698665435694,247
"471","2018T3",15,12.1877005389508,0.0197568648964218,293
"472","2018T3",16,12.6059800929303,0.0285844859765499,223
"473","2018T3",17,11.3361320883503,0.021105792593567,488
"474","2018T3",18,13.0756818999404,0.0221918301578523,431
"475","2018T3",19,9.91023078496939,0.0142944970157104,247
"476","2018T3",21,11.1292459014777,0.0231397942544164,295
"477","2018T3",22,14.4037231169193,0.0152942147101367,323
"478","2018T3",23,15.9175362179783,0.0189665046407399,496
"479","2018T3",24,16.2752417171133,0.0129999135315975,614
"480","2018T3",90,20.8837241332322,0.0155353595304127,381
"481","2019T4",1,11.6681006887136,0.0349323299463332,396
"482","2019T4",2,10.3251187010832,0.0108150977044899,295
"483","2019T4",3,11.7844006351243,0.019088343714389,371
"484","2019T4",4,10.4705944528326,0.0118062863768995,367
"485","2019T4",5,12.0905273918246,0.0166184021017694,380
"486","2019T4",6,10.5020851390557,0.0230214490722228,276
"487","2019T4",7,13.3947483896188,0.0173916443798212,459
"488","2019T4",8,16.5758664379462,0.0337325267140739,357
"489","2019T4",9,16.355813131803,0.0172557260961157,603
"490","2019T4",10,12.0197081497576,0.0190572374158588,413
"491","2019T4",11,8.42629385823526,0.0128002041146401,302
"492","2019T4",12,19.3386691976583,0.0160225094020741,593
"493","2019T4",13,13.8151097465242,0.0120426601552784,358
"494","2019T4",14,15.8804727066921,0.0249927213394581,236
"495","2019T4",15,11.3346190291047,0.014604459377834,281
"496","2019T4",16,12.1479209145179,0.0181980044532557,232
"497","2019T4",17,9.90498778683354,0.041350534599268,467
"498","2019T4",18,13.7115119365049,0.0316920036523914,422
"499","2019T4",19,9.94830789732026,0.00830572008673164,247
"500","2019T4",21,12.1033828914397,0.0145593522608619,287
"501","2019T4",22,13.2514027120745,0.0148334288458615,316
"502","2019T4",23,14.9877393144788,0.0251357029379551,481
"503","2019T4",24,15.7165184089572,0.0088169948879755,605
"504","2019T4",90,16.832744965671,0.0239478441123008,337
"505","2019T3",1,11.6681006887136,0.0349323299463332,396
"506","2019T3",2,10.3251187010832,0.0108150977044899,295
"507","2019T3",3,11.7844006351243,0.019088343714389,371
"508","2019T3",4,10.4705944528326,0.0118062863768995,367
"509","2019T3",5,12.0905273918246,0.0166184021017694,380
"510","2019T3",6,10.5020851390557,0.0230214490722228,276
"511","2019T3",7,13.3947483896188,0.0173916443798212,459
"512","2019T3",8,16.5758664379462,0.0337325267140739,357
"513","2019T3",9,16.355813131803,0.0172557260961157,603
"514","2019T3",10,12.0197081497576,0.0190572374158588,413
"515","2019T3",11,8.42629385823526,0.0128002041146401,302
"516","2019T3",12,19.3386691976583,0.0160225094020741,593
"517","2019T3",13,13.8151097465242,0.0120426601552784,358
"518","2019T3",14,15.8804727066921,0.0249927213394581,236
"519","2019T3",15,11.3346190291047,0.014604459377834,281
"520","2019T3",16,12.1479209145179,0.0181980044532557,232
"521","2019T3",17,9.90498778683354,0.041350534599268,467
"522","2019T3",18,13.7115119365049,0.0316920036523914,422
"523","2019T3",19,9.94830789732026,0.00830572008673164,247
"524","2019T3",21,12.1033828914397,0.0145593522608619,287
"525","2019T3",22,13.2514027120745,0.0148334288458615,316
"526","2019T3",23,14.9877393144788,0.0251357029379551,481
"527","2019T3",24,15.7165184089572,0.0088169948879755,605
"528","2019T3",90,16.832744965671,0.0239478441123008,337
"529","2019T2",1,11.6681006887136,0.0349323299463332,396
"530","2019T2",2,10.3251187010832,0.0108150977044899,295
"531","2019T2",3,11.7844006351243,0.019088343714389,371
"532","2019T2",4,10.4705944528326,0.0118062863768995,367
"533","2019T2",5,12.0905273918246,0.0166184021017694,380
"534","2019T2",6,10.5020851390557,0.0230214490722228,276
"535","2019T2",7,13.3947483896188,0.0173916443798212,459
"536","2019T2",8,16.5758664379462,0.0337325267140739,357
"537","2019T2",9,16.355813131803,0.0172557260961157,603
"538","2019T2",10,12.0197081497576,0.0190572374158588,413
"539","2019T2",11,8.42629385823526,0.0128002041146401,302
"540","2019T2",12,19.3386691976583,0.0160225094020741,593
"541","2019T2",13,13.8151097465242,0.0120426601552784,358
"542","2019T2",14,15.8804727066921,0.0249927213394581,236
"543","2019T2",15,11.3346190291047,0.014604459377834,281
"544","2019T2",16,12.1479209145179,0.0181980044532557,232
"545","2019T2",17,9.90498778683354,0.041350534599268,467
"546","2019T2",18,13.7115119365049,0.0316920036523914,422
"547","2019T2",19,9.94830789732026,0.00830572008673164,247
"548","2019T2",21,12.1033828914397,0.0145593522608619,287
"549","2019T2",22,13.2514027120745,0.0148334288458615,316
"550","2019T2",23,14.9877393144788,0.0251357029379551,481
"551","2019T2",24,15.7165184089572,0.0088169948879755,605
"552","2019T2",90,16.832744965671,0.0239478441123008,337
"553","2019T1",1,11.6681006887136,0.0349323299463332,396
"554","2019T1",2,10.3251187010832,0.0108150977044899,295
"555","2019T1",3,11.7844006351243,0.019088343714389,371
"556","2019T1",4,10.4705944528326,0.0118062863768995,367
"557","2019T1",5,12.0905273918246,0.0166184021017694,380
"558","2019T1",6,10.5020851390557,0.0230214490722228,276
"559","2019T1",7,13.3947483896188,0.0173916443798212,459
"560","2019T1",8,16.5758664379462,0.0337325267140739,357
"561","2019T1",9,16.355813131803,0.0172557260961157,603
"562","2019T1",10,12.0197081497576,0.0190572374158588,413
"563","2019T1",11,8.42629385823526,0.0128002041146401,302
"564","2019T1",12,19.3386691976583,0.0160225094020741,593
"565","2019T1",13,13.8151097465242,0.0120426601552784,358
"566","2019T1",14,15.8804727066921,0.0249927213394581,236
"567","2019T1",15,11.3346190291047,0.014604459377834,281
"568","2019T1",16,12.1479209145179,0.0181980044532557,232
"569","2019T1",17,9.90498778683354,0.041350534599268,467
"570","2019T1",18,13.7115119365049,0.0316920036523914,422
"571","2019T1",19,9.94830789732026,0.00830572008673164,247
"572","2019T1",21,12.1033828914397,0.0145593522608619,287
"573","2019T1",22,13.2514027120745,0.0148334288458615,316
"574","2019T1",23,14.9877393144788,0.0251357029379551,481
"575","2019T1",24,15.7165184089572,0.0088169948879755,605
"576","2019T1",90,16.832744965671,0.0239478441123008,337
"577","2021T4",1,9.7684383925799,0.0212030843653108,373
"578","2021T4",2,9.43318347440623,0.0147793156865168,298
"579","2021T4",3,10.7652099595064,0.0202934989414052,360
"580","2021T4",4,11.9503832373671,0.0188760191950557,360
"581","2021T4",5,10.8728734274638,0.0172481865158653,383
"582","2021T4",6,9.76215695639717,0.0282929546723138,288
"583","2021T4",7,13.9711816352384,0.0165746504727334,471
"584","2021T4",8,16.6824201631495,0.026191721048482,380
"585","2021T4",9,16.7286470388,0.0163776667706186,617
"586","2021T4",10,12.6363590792964,0.0232580045277757,425
"587","2021T4",11,7.97707757339552,0.0113617447972753,285
"588","2021T4",12,19.4591105194057,0.0164279892134112,616
"589","2021T4",13,12.9259477528114,0.00970497091202861,351
"590","2021T4",14,15.6277924484021,0.0320662632599951,234
"591","2021T4",15,12.2324164746266,0.0234100254092877,274
"592","2021T4",16,11.5733245959502,0.0311664774642538,218
"593","2021T4",17,9.46804029200562,0.0248174457794886,453
"594","2021T4",18,12.7082889767229,0.0232176287356975,435
"595","2021T4",19,9.45086244451747,0.0189108523850629,260
"596","2021T4",21,12.0119696032726,0.0260015755050984,317
"597","2021T4",22,14.1131564516375,0.0143444140717919,334
"598","2021T4",23,13.8672316347715,0.0199951768573823,481
"599","2021T4",24,16.5229501050132,0.0123258013920523,600
"600","2021T3",1,9.7684383925799,0.0212030843653108,373
"601","2021T3",2,9.43318347440623,0.0147793156865168,298
"602","2021T3",3,10.7652099595064,0.0202934989414052,360
"603","2021T3",4,11.9503832373671,0.0188760191950557,360
"604","2021T3",5,10.8728734274638,0.0172481865158653,383
"605","2021T3",6,9.76215695639717,0.0282929546723138,288
"606","2021T3",7,13.9711816352384,0.0165746504727334,471
"607","2021T3",8,16.6824201631495,0.026191721048482,380
"608","2021T3",9,16.7286470388,0.0163776667706186,617
"609","2021T3",10,12.6363590792964,0.0232580045277757,425
"610","2021T3",11,7.97707757339552,0.0113617447972753,285
"611","2021T3",12,19.4591105194057,0.0164279892134112,616
"612","2021T3",13,12.9259477528114,0.00970497091202861,351
"613","2021T3",14,15.6277924484021,0.0320662632599951,234
"614","2021T3",15,12.2324164746266,0.0234100254092877,274
"615","2021T3",16,11.5733245959502,0.0311664774642538,218
"616","2021T3",17,9.46804029200562,0.0248174457794886,453
"617","2021T3",18,12.7082889767229,0.0232176287356975,435
"618","2021T3",19,9.45086244451747,0.0189108523850629,260
"619","2021T3",21,12.0119696032726,0.0260015755050984,317
"620","2021T3",22,14.1131564516375,0.0143444140717919,334
"621","2021T3",23,13.8672316347715,0.0199951768573823,481
"622","2021T3",24,16.5229501050132,0.0123258013920523,600
"623","2021T2",1,9.7684383925799,0.0212030843653108,373
"624","2021T2",2,9.43318347440623,0.0147793156865168,298
"625","2021T2",3,10.7652099595064,0.0202934989414052,360
"626","2021T2",4,11.9503832373671,0.0188760191950557,360
"627","2021T2",5,10.8728734274638,0.0172481865158653,383
"628","2021T2",6,9.76215695639717,0.0282929546723138,288
"629","2021T2",7,13.9711816352384,0.0165746504727334,471
"630","2021T2",8,16.6824201631495,0.026191721048482,380
"631","2021T2",9,16.7286470388,0.0163776667706186,617
"632","2021T2",10,12.6363590792964,0.0232580045277757,425
"633","2021T2",11,7.97707757339552,0.0113617447972753,285
"634","2021T2",12,19.4591105194057,0.0164279892134112,616
"635","2021T2",13,12.9259477528114,0.00970497091202861,351
"636","2021T2",14,15.6277924484021,0.0320662632599951,234
"637","2021T2",15,12.2324164746266,0.0234100254092877,274
"638","2021T2",16,11.5733245959502,0.0311664774642538,218
"639","2021T2",17,9.46804029200562,0.0248174457794886,453
"640","2021T2",18,12.7082889767229,0.0232176287356975,435
"641","2021T2",19,9.45086244451747,0.0189108523850629,260
"642","2021T2",21,12.0119696032726,0.0260015755050984,317
"643","2021T2",22,14.1131564516375,0.0143444140717919,334
"644","2021T2",23,13.8672316347715,0.0199951768573823,481
"645","2021T2",24,16.5229501050132,0.0123258013920523,600
"646","2021T1",1,9.7684383925799,0.0212030843653108,373
"647","2021T1",2,9.43318347440623,0.0147793156865168,298
"648","2021T1",3,10.7652099595064,0.0202934989414052,360
"649","2021T1",4,11.9503832373671,0.0188760191950557,360
"650","2021T1",5,10.8728734274638,0.0172481865158653,383
"651","2021T1",6,9.76215695639717,0.0282929546723138,288
"652","2021T1",7,13.9711816352384,0.0165746504727334,471
"653","2021T1",8,16.6824201631495,0.026191721048482,380
"654","2021T1",9,16.7286470388,0.0163776667706186,617
"655","2021T1",10,12.6363590792964,0.0232580045277757,425
"656","2021T1",11,7.97707757339552,0.0113617447972753,285
"657","2021T1",12,19.4591105194057,0.0164279892134112,616
"658","2021T1",13,12.9259477528114,0.00970497091202861,351
"659","2021T1",14,15.6277924484021,0.0320662632599951,234
"660","2021T1",15,12.2324164746266,0.0234100254092877,274
"661","2021T1",16,11.5733245959502,0.0311664774642538,218
"662","2021T1",17,9.46804029200562,0.0248174457794886,453
"663","2021T1",18,12.7082889767229,0.0232176287356975,435
"664","2021T1",19,9.45086244451747,0.0189108523850629,260
"665","2021T1",21,12.0119696032726,0.0260015755050984,317
"666","2021T1",22,14.1131564516375,0.0143444140717919,334
"667","2021T1",23,13.8672316347715,0.0199951768573823,481
"668","2021T1",24,16.5229501050132,0.0123258013920523,600
"669","2022T4",1,9.87590633291941,0.0202926840864036,186
"670","2022T4",2,8.56619164698939,0.0172220325412377,148
"671","2022T4",3,10.0330984436009,0.0228922630876272,179
"672","2022T4",4,10.2278491121535,0.0244312003825422,178
"673","2022T4",5,10.0669744774992,0.021329092531123,189
"674","2022T4",6,9.04466417819119,0.0284825772902591,141
"675","2022T4",7,14.5524932877716,0.0209154050815117,228
"676","2022T4",8,16.9842777218336,0.0340495640343142,178
"677","2022T4",9,18.7054198652129,0.0210245588831243,315
"678","2022T4",10,11.8092493476408,0.0224926822388072,210
"679","2022T4",11,7.85672171486833,0.0133757476366208,137
"680","2022T4",12,19.4297753775617,0.0209023405028976,315
"681","2022T4",13,12.9545185639334,0.0145799267870032,177
"682","2022T4",14,15.4682026163059,0.0356322261101685,118
"683","2022T4",15,11.6968365026233,0.0317895904496598,123
"684","2022T4",16,10.451955183296,0.033582474395024,112
"685","2022T4",17,9.12139118651189,0.0277444605646992,218
"686","2022T4",18,12.3921766407694,0.0258349509186925,207
"687","2022T4",19,8.37822879500334,0.0151375519041863,120
"688","2022T4",21,12.2470828599184,0.0283342908188948,149
"689","2022T4",22,14.1629884563096,0.0225855950441443,167
"690","2022T4",23,15.1467402289062,0.0264816695683839,237
"691","2022T4",24,16.4707304085528,0.0152724446933846,315
"692","2022T3",1,9.87590633291941,0.0202926840864036,186
"693","2022T3",2,8.56619164698939,0.0172220325412377,148
"694","2022T3",3,10.0330984436009,0.0228922630876272,179
"695","2022T3",4,10.2278491121535,0.0244312003825422,178
"696","2022T3",5,10.0669744774992,0.021329092531123,189
"697","2022T3",6,9.04466417819119,0.0284825772902591,141
"698","2022T3",7,14.5524932877716,0.0209154050815117,228
"699","2022T3",8,16.9842777218336,0.0340495640343142,178
"700","2022T3",9,18.7054198652129,0.0210245588831243,315
"701","2022T3",10,11.8092493476408,0.0224926822388072,210
"702","2022T3",11,7.85672171486833,0.0133757476366208,137
"703","2022T3",12,19.4297753775617,0.0209023405028976,315
"704","2022T3",13,12.9545185639334,0.0145799267870032,177
"705","2022T3",14,15.4682026163059,0.0356322261101685,118
"706","2022T3",15,11.6968365026233,0.0317895904496598,123
"707","2022T3",16,10.451955183296,0.033582474395024,112
"708","2022T3",17,9.12139118651189,0.0277444605646992,218
"709","2022T3",18,12.3921766407694,0.0258349509186925,207
"710","2022T3",19,8.37822879500334,0.0151375519041863,120
"711","2022T3",21,12.2470828599184,0.0283342908188948,149
"712","2022T3",22,14.1629884563096,0.0225855950441443,167
"713","2022T3",23,15.1467402289062,0.0264816695683839,237
"714","2022T3",24,16.4707304085528,0.0152724446933846,315
"715","2022T2",1,9.87590633291941,0.0202926840864036,186
"716","2022T2",2,8.56619164698939,0.0172220325412377,148
"717","2022T2",3,10.0330984436009,0.0228922630876272,179
"718","2022T2",4,10.2278491121535,0.0244312003825422,178
"719","2022T2",5,10.0669744774992,0.021329092531123,189
"720","2022T2",6,9.04466417819119,0.0284825772902591,141
"721","2022T2",7,14.5524932877716,0.0209154050815117,228
"722","2022T2",8,16.9842777218336,0.0340495640343142,178
"723","2022T2",9,18.7054198652129,0.0210245588831243,315
"724","2022T2",10,11.8092493476408,0.0224926822388072,210
"725","2022T2",11,7.85672171486833,0.0133757476366208,137
"726","2022T2",12,19.4297753775617,0.0209023405028976,315
"727","2022T2",13,12.9545185639334,0.0145799267870032,177
"728","2022T2",14,15.4682026163059,0.0356322261101685,118
"729","2022T2",15,11.6968365026233,0.0317895904496598,123
"730","2022T2",16,10.451955183296,0.033582474395024,112
"731","2022T2",17,9.12139118651189,0.0277444605646992,218
"732","2022T2",18,12.3921766407694,0.0258349509186925,207
"733","2022T2",19,8.37822879500334,0.0151375519041863,120
"734","2022T2",21,12.2470828599184,0.0283342908188948,149
"735","2022T2",22,14.1629884563096,0.0225855950441443,167
"736","2022T2",23,15.1467402289062,0.0264816695683839,237
"737","2022T2",24,16.4707304085528,0.0152724446933846,315
"738","2022T1",1,9.87590633291941,0.0202926840864036,186
"739","2022T1",2,8.56619164698939,0.0172220325412377,148
"740","2022T1",3,10.0330984436009,0.0228922630876272,179
"741","2022T1",4,10.2278491121535,0.0244312003825422,178
"742","2022T1",5,10.0669744774992,0.021329092531123,189
"743","2022T1",6,9.04466417819119,0.0284825772902591,141
"744","2022T1",7,14.5524932877716,0.0209154050815117,228
"745","2022T1",8,16.9842777218336,0.0340495640343142,178
"746","2022T1",9,18.7054198652129,0.0210245588831243,315
"747","2022T1",10,11.8092493476408,0.0224926822388072,210
"748","2022T1",11,7.85672171486833,0.0133757476366208,137
"749","2022T1",12,19.4297753775617,0.0209023405028976,315
"750","2022T1",13,12.9545185639334,0.0145799267870032,177
"751","2022T1",14,15.4682026163059,0.0356322261101685,118
"752","2022T1",15,11.6968365026233,0.0317895904496598,123
"753","2022T1",16,10.451955183296,0.033582474395024,112
"754","2022T1",17,9.12139118651189,0.0277444605646992,218
"755","2022T1",18,12.3921766407694,0.0258349509186925,207
"756","2022T1",19,8.37822879500334,0.0151375519041863,120
"757","2022T1",21,12.2470828599184,0.0283342908188948,149
"758","2022T1",22,14.1629884563096,0.0225855950441443,167
"759","2022T1",23,15.1467402289062,0.0264816695683839,237
"760","2022T1",24,16.4707304085528,0.0152724446933846,315
